user_id,full_name,email,phone,created_at,city
1,Sherry Williams,bthompson@example.org,7417062646,2025-05-07,Lake Kelly
2,Jasmin Lewis,kingnancy@example.org,371.671.2789,2025-06-21,Cobbchester
3,Nicholas Sims,sosarebekah@example.com,001-916-768-6050x0755,2025-09-09,Fryemouth
4,Jose Powell,hensleytanner@example.org,001-605-563-5947x4809,2025-06-09,South Luke
5,Tanya Garcia,stephaniebarrera@example.com,701-729-4423,2025-05-07,New Cory
6,Tina Moreno,gregoryhurley@example.org,627-672-0800,2025-12-31,Lake Jake
7,Stephanie Bowen,ykelley@example.net,437-471-0827x4605,2025-06-05,North Iantown
8,Kimberly Burton,brandon65@example.com,300.933.4214x43037,2025-09-13,Reynoldsstad
9,Howard Perkins,ashley29@example.com,7534947549,2025-09-29,Port Andre
10,Virginia Walton,barcher@example.org,523.335.8094x27810,2025-09-24,Lake Brian
11,Carlos Taylor,jamesblair@example.net,5442984812,2025-05-04,North Tarashire
12,Amanda Valencia,sloanjohn@example.org,(223)546-6906x4018,2025-08-23,Clarkfurt
13,Leslie Shaffer,williamscrystal@example.com,370-323-4673x510,2025-06-26,Evansbury
14,Megan White,hicksashley@example.net,+1-685-455-8797,2025-06-09,West Josephport
15,Ryan Fuentes,robert00@example.org,+1-544-745-7930x56115,2025-08-29,Hughestown
16,Karen Lewis,monica10@example.org,+1-572-616-1337x80046,2025-11-05,Katherinechester
17,Mark Rice,michael22@example.net,832.912.4759,2025-10-06,Zacharyton
18,Margaret Stone,vmartinez@example.net,+1-810-552-7311x2072,2025-10-07,South Michelleland
19,Tracie Barrett,kcampbell@example.net,5233300581,2026-04-03,Gregoryberg
20,Robert Thompson,aaron76@example.com,738.736.7177,2026-04-06,Hoodport
21,Matthew Davies,tina01@example.com,(907)627-8836,2025-09-13,Emilyfurt
22,Vanessa Salazar,donaldstewart@example.org,(346)988-6285x806,2026-01-01,Port Hannah
23,Joshua Short,heather80@example.net,718.863.1535,2025-11-09,Johnsonland
24,Mr. Jason Lynch,dominiquegarrett@example.net,7762505997,2026-02-07,South Maryberg
25,Amy Holloway,nicholassmith@example.net,995.374.3256x4132,2025-11-28,New Robinberg
26,Justin Jackson,kimberlymatthews@example.net,+1-963-754-1266x3995,2025-08-23,Lake Kristopher
27,Victoria Garcia,pagemegan@example.org,8615060054,2025-05-20,South Renee
28,Scott Hawkins,kristin04@example.org,256.212.6595,2026-01-19,Lake Andrew
29,Justin Collins,jasonwilliams@example.com,001-674-687-3460x5339,2025-05-10,North Christinamouth
30,Amy Cox,usmith@example.com,218.962.9339x06182,2025-10-01,Janetborough
31,Larry Dunlap,sconway@example.com,621.461.7832x82937,2025-10-25,Lake Laura
32,Kerry Smith,lsmith@example.org,316-774-5520,2025-07-31,North Brandi
33,Gabriel Gonzalez,vincentdavis@example.com,+1-314-265-0638x3111,2025-12-07,Gayshire
34,Nicole Fox,khayes@example.com,+1-299-996-1198,2025-05-13,South Brittanyburgh
35,Theresa Thomas,owensmichael@example.org,(898)539-9372,2025-10-02,East Allenville
36,Christine Armstrong,younggeorge@example.net,(713)484-9729,2026-01-17,Jenniferville
37,Linda Jackson,jessica13@example.org,001-494-973-5378x5452,2025-12-31,New Danielstad
38,John Lester,brownrobert@example.org,215-593-8455x54315,2025-05-11,South Justin
39,Anthony Smith,jonesvincent@example.org,(574)586-9166x105,2025-08-10,West Jesse
40,Cheryl Edwards,ramseyamanda@example.org,(601)625-5865x846,2025-07-22,Lake Paul
41,Nichole Conley DVM,jonathan79@example.org,966.636.0957x6792,2026-04-01,Johnbury
42,John Burke,staylor@example.org,+1-334-351-1623x9403,2025-09-10,West Coreymouth
43,Peter Duke,williamsmith@example.net,510.846.4262,2025-05-09,Drakemouth
44,Andrew Castillo,nicole47@example.net,+1-700-809-9223x75725,2025-10-20,Port Matthewfort
45,Cassandra Barrera,iwalls@example.org,+1-884-245-5444x49671,2025-09-29,Lake Pamelaburgh
46,Jason Williams,brendan40@example.org,432-909-9137x6212,2026-03-01,New Andrea
47,Laurie Martinez,ymoore@example.org,(589)426-9788x918,2026-01-20,Francesfurt
48,Lindsey Lawrence,warrenvictoria@example.net,215.454.4715x76628,2026-01-06,Ericatown
49,Jessica Cobb,gfisher@example.com,468.273.2721x896,2025-11-18,Davidville
50,Rachel Nelson,patrick02@example.com,8868196167,2025-11-09,Orrhaven
51,Sonya Hall,bradfordemily@example.org,+1-950-474-5076x291,2025-06-07,Karenborough
52,Gregory Caldwell,wardsamuel@example.net,+1-691-432-8071x834,2025-12-08,Port Karen
53,Beth Rodriguez,margaret26@example.com,001-509-309-3612x6081,2025-11-02,Lake Ashley
54,Stephanie Edwards,amandajenkins@example.net,+1-834-409-8098x25480,2025-06-18,New Erikashire
55,Mrs. Virginia Bass,jonathan78@example.com,(884)619-1670,2025-11-05,North Samuelchester
56,Scott Kane,jeffreyrogers@example.com,(965)948-3856,2025-10-29,Middletonchester
57,Bonnie Jenkins,qwilson@example.com,4022690333,2025-11-12,Lake Crystalton
58,Alexander Ochoa,reginaldroberts@example.org,(628)849-5029,2025-09-01,Ramirezshire
59,Bryan Castro,padillagabrielle@example.org,+1-588-596-8742x749,2025-11-05,Weaverchester
60,Juan King,andrew43@example.org,(447)659-3033x548,2025-06-06,West Suzanneton
61,Charles Chambers,michael55@example.org,967.248.7533x68101,2025-12-12,Port Alisonview
62,Christina Young,johnsonjoseph@example.org,981-697-0191,2025-05-05,New Gloriachester
63,Michael Moreno,vicki68@example.com,001-401-727-4464x146,2025-12-21,Wardberg
64,Natasha Davis,pricejulie@example.net,+1-378-423-2824x07280,2025-10-10,West Bradley
65,Crystal Myers PhD,laurenfoley@example.com,001-286-625-9877x857,2025-09-08,Harrisonberg
66,Eric Hill,benjaminstewart@example.net,307.538.9912x75914,2025-10-22,Gardnermouth
67,Alex Valdez,davismicheal@example.net,001-779-636-7491,2025-08-16,Johnsonport
68,Haley Black,christopher33@example.net,641-460-7375x9445,2025-08-15,Pattersonchester
69,Robert Davis,wellsjennifer@example.net,907.747.1227,2025-08-10,Allenchester
70,Ronald Santiago,uwalsh@example.net,320-995-8668x8655,2025-08-11,South Patrickside
71,Kimberly Evans,sean69@example.org,(305)586-7092x23281,2025-11-26,South Alyssaland
72,Jessica Craig,nrodriguez@example.net,(650)296-1069,2025-06-07,New Anthonyfurt
73,Karla Avery,fthomas@example.com,494-549-7055x1096,2026-01-31,Ashleyland
74,Richard Gonzalez,vanessa21@example.net,001-718-505-5209x8227,2025-05-20,Kiaramouth
75,Taylor Sanders,aimeewood@example.net,001-844-216-1239,2025-08-10,West Adam
76,Amy White,ylowery@example.net,444.333.1611x06995,2025-04-24,Brownton
77,Laura Gardner,james60@example.com,654.641.9105x323,2025-08-29,Lake Beth
78,Alexis Ponce,lori87@example.net,3386369744,2025-07-31,Port Christophermouth
79,Shelly Strickland,murrayerin@example.org,307.969.4356,2025-10-28,Jacobside
80,Lori Hansen,megan93@example.net,+1-350-931-1006x003,2025-10-21,Hilltown
81,Jack Fernandez,emilystokes@example.org,658-928-4396x94618,2026-01-30,Vanessamouth
82,Nathaniel Flowers,elizabeth78@example.org,(700)650-5340x8292,2025-04-27,Nicoleborough
83,Dr. Brenda Martinez MD,andrew96@example.org,001-427-711-1599x6040,2025-05-22,Barbaraborough
84,Carmen Palmer,jared98@example.net,317-844-0891,2025-06-26,Ramirezside
85,Chad Boyd,gfreeman@example.com,759.413.3488,2026-04-06,Zoeport
86,Danielle Reese,jacqueline22@example.org,+1-497-273-8777x635,2025-07-22,Krausetown
87,Denise Bennett,grantjennifer@example.com,001-966-393-7310x6257,2025-07-03,Kimberlyfort
88,Steven Allen,dyoder@example.com,588-760-5063x81054,2026-01-30,Hallhaven
89,Christy Decker,washingtoncynthia@example.com,967-813-3687x955,2025-10-27,Coltonmouth
90,Christopher Foley,rojasmonica@example.net,(700)575-5885x0835,2025-09-01,Morrisburgh
91,Tina Valencia,kyle61@example.org,(656)363-7760,2026-02-28,Marieton
92,Cody Anderson,mackamy@example.org,220-379-7926x2156,2025-07-11,Davidville
93,Jodi Lambert,kylelewis@example.com,(479)653-7093,2025-09-11,Kleinville
94,Anna Tucker,lcontreras@example.org,+1-414-357-5634,2026-03-27,Sandraburgh
95,William Grant,alicia65@example.com,959-810-6049,2026-02-13,West Christopher
96,William Martin,xpadilla@example.net,(542)437-2568x634,2026-02-27,Amandaview
97,Mark Harris,maurice85@example.org,(419)469-6427x411,2025-10-18,South Anna
98,Curtis Tran,juliamccarty@example.org,427.243.3293,2025-08-11,Port Krystalhaven
99,Tonya Martin,sbradley@example.org,576-623-3004,2026-04-02,Lake Marissa
100,Hannah Hicks,ryaneric@example.com,896.940.8351x4127,2025-05-15,Lake Karenmouth
101,Jasmine Williams,llee@example.net,797.246.3277x4443,2026-02-17,New Victoriashire
102,Devon Gilbert,kellyariana@example.com,712-719-8829x330,2025-12-03,Nguyenside
103,Colin Jones,codygraham@example.org,+1-874-980-0546,2025-05-17,South Tracyview
104,Michael White,sweeneybryan@example.org,889-666-9043x54978,2025-10-26,Dodsonborough
105,William Tucker,aguilartracy@example.com,+1-584-492-0903x206,2026-02-01,Port Thomas
106,Brett Pugh,markdaugherty@example.org,628-812-8106,2025-07-13,Jessicahaven
107,Jared Brewer,christopherrussell@example.net,(972)447-8727,2025-08-27,North Wesleybury
108,Erin Ramsey,mcarpenter@example.org,798.743.1982,2026-02-01,New Michael
109,Shane Gutierrez,callahanelizabeth@example.org,616-358-0390x3273,2025-04-30,East Stevenview
110,Katrina Diaz,omiller@example.net,218-807-5144x76600,2025-07-05,Lake Julieland
111,Shannon Dean,sanchezthomas@example.net,549-438-8440x930,2026-02-27,Nicolehaven
112,Steve Calhoun,donnakelly@example.com,4517456582,2025-11-29,New Dalefort
113,Raymond Carpenter,benjaminthompson@example.org,753-254-0277x19069,2025-05-10,Port Laura
114,Carolyn Crosby,andrew19@example.net,271.872.8723x407,2025-08-20,Port Sandraport
115,Christina Knight,gwilliams@example.com,+1-569-313-2838x23283,2025-12-25,Claytonport
116,Chris Quinn,blevinscindy@example.org,892-393-7178,2026-01-30,Christyburgh
117,Nathan Woodward,pedroanderson@example.com,276-399-5484,2025-11-30,West Tammybury
118,Tina Barber,stacysmith@example.org,724-780-3290x40315,2026-01-31,Weavermouth
119,Lauren Roberts,heidi99@example.com,600-396-4227x537,2025-09-28,Marcushaven
120,Phillip Kent,tmueller@example.net,(575)770-7598x76413,2025-07-06,Port Deanna
121,Shannon Gutierrez,waterslisa@example.org,256.705.2194x410,2025-07-18,Lake Jennifer
122,Tara Estes,rosemelissa@example.com,001-678-515-3060x031,2025-09-13,West Terri
123,Brian Allen,derek97@example.net,678-891-9488x6509,2026-02-17,North Melissa
124,Robert Walker DDS,debrasilva@example.org,(900)320-5712x330,2025-11-05,Kellymouth
125,Samuel Burke,michellekim@example.net,810.232.5288x2734,2026-04-21,Calvinshire
126,Michael Pruitt,sreynolds@example.net,341-628-0021x0291,2025-04-28,Gregport
127,Kimberly Zimmerman,hmartinez@example.net,001-282-305-4129,2025-10-31,South Michelle
128,Alicia Torres,smithadam@example.com,001-754-776-0812,2025-06-29,Marvinfort
129,Ricardo Lam,patrick13@example.org,(348)806-4099x34769,2025-07-17,Kramerberg
130,John Moore,jhenderson@example.com,568.321.0229x975,2025-08-05,Youngland
131,Victoria Wiggins,grimesmitchell@example.net,(307)831-3413,2026-04-13,Frederickton
132,Jason Reese,ndiaz@example.org,+1-869-498-0955x4516,2026-04-06,West Margaret
133,Crystal Williams,bakerkelly@example.org,001-450-933-1278x6992,2026-02-26,Jenniferstad
134,Gerald Douglas,dsanders@example.net,+1-232-623-4800,2025-10-24,Smithbury
135,John Mason,ggomez@example.net,001-286-783-5838x48262,2025-06-26,West Michael
136,Chad Garcia,chaneycharles@example.net,(761)427-5538x579,2026-02-08,West Sarahbury
137,Christie Schultz,jason89@example.org,+1-565-333-0288x4429,2025-07-31,East Barbaramouth
138,Cynthia Garcia,kennethpatel@example.com,(646)234-7920x810,2025-10-29,West Olivia
139,Melinda Roberts,paul74@example.net,(588)675-6496x947,2026-04-08,Harrisfort
140,Deborah Wood,fjones@example.com,2609056127,2025-11-20,Bridgetstad
141,Bradley Holder,victoria80@example.org,467.718.8353x1331,2025-07-27,New Josephfort
142,Brittany Kirby,erinwilliams@example.org,830.299.5002x157,2025-06-28,Port Seanside
143,Brian Williams,wfields@example.com,903.984.6419,2025-12-04,West Scottchester
144,Devin Moore,jamie16@example.net,+1-395-358-4106x9367,2026-01-23,Wilsonstad
145,George Clark,jessica73@example.org,+1-611-810-1276,2025-06-19,New Cristian
146,Thomas Parker,mcdonaldkelly@example.net,940.816.4598x6399,2025-07-07,South Raymond
147,Ricardo Stevenson,farmersusan@example.org,7667118294,2025-11-06,Smithshire
148,Ashley Durham,berglisa@example.net,(386)371-9229x63509,2025-08-26,Danielside
149,Angel Wright,denisehunter@example.net,+1-617-229-6321x7856,2025-10-23,Zacharyhaven
150,April Potts,gpruitt@example.net,+1-609-228-8267x80693,2025-11-13,South Melanie
151,Carolyn Garcia,frankberry@example.org,957-884-6036x68437,2026-02-11,New Joseph
152,Cynthia Larson,mark88@example.com,(394)947-4991x2411,2026-03-30,Alanchester
153,Kevin Santos,joseph53@example.net,5293778395,2026-02-11,Lake Randy
154,Felicia Kelley,kennethshannon@example.net,001-202-735-2915,2026-04-16,Lake Christina
155,Christina Robinson,kentjoanne@example.org,(439)909-6866x319,2025-07-20,Port Sheilahaven
156,Christina Thomas,barajasrobert@example.net,9935474554,2026-02-03,Joshuaport
157,Shelley Stephenson,samuelward@example.org,947.865.2862x88045,2025-12-09,West Shawnfurt
158,Sonya Boone,josephreyes@example.org,001-616-380-2280x00730,2026-01-29,Lake Cynthiatown
159,Jose Howard,jennifergreene@example.org,534-834-5030x385,2025-07-01,Port Christine
160,Robin Contreras,jonesleah@example.org,3014071493,2025-08-26,Alanside
161,Ashley Atkins,cervantesdarrell@example.org,952-985-1716x17241,2025-09-11,Collinsbury
162,Colin Kelley,dolson@example.net,6037311940,2025-06-05,Thorntonshire
163,Joyce Johnson,kellyhudson@example.net,+1-988-455-2316x57624,2026-01-07,Yangland
164,Daniel Parker,bradley01@example.org,+1-733-250-5178x1429,2025-06-29,Mathewtown
165,Summer Ibarra,dchandler@example.org,233.506.7448x2751,2025-10-06,New Andrew
166,Andrew Williams,lauren71@example.org,279.663.4979x085,2025-08-29,Hendersonshire
167,Justin Casey,melissalane@example.net,001-565-247-3733x1693,2026-01-25,Louisville
168,Caitlin Bates,kimberly23@example.net,001-481-974-3037x193,2026-01-28,Ericachester
169,Justin Goodman,cynthia64@example.net,689.607.2481,2025-08-14,West Lisa
170,Omar Scott,jbarron@example.org,(791)767-2947x9549,2026-04-16,East Samuel
171,Sergio Williams,roseoconnell@example.com,435.489.0349,2026-02-14,West Jeremiah
172,Christian Valenzuela,kathryn73@example.com,380.819.1603x2828,2026-04-12,North Melindaburgh
173,Dr. Jeremy Liu MD,wthornton@example.org,(339)957-3379x484,2026-04-18,Taylorberg
174,Robert Krueger,michaelwilson@example.com,745-377-2079x1989,2025-05-18,Port Amyfort
175,Alexandra Horn,ericberry@example.org,877.497.9946x8395,2025-05-09,Jamiestad
176,Eric Colon,ashley04@example.net,001-972-968-9870x78046,2026-02-02,Port Seth
177,Madison Roberts,andrew83@example.com,606-773-7804x5602,2025-09-15,South Haley
178,Alexander Mitchell,vhudson@example.net,518-849-6137,2025-05-02,Port Roger
179,Matthew Davis,fullerwilliam@example.com,001-778-226-2484,2025-06-07,Chavezton
180,Jesse Ramirez,stephenballard@example.org,+1-268-659-0145x508,2026-01-24,South Jessicachester
181,Jessica Davenport,clayton64@example.net,001-907-928-2866x073,2026-02-01,Wilsonhaven
182,Andrew Ellis,jacob91@example.com,856-405-0340,2026-02-05,Suzanneside
183,Lawrence Johnson,sarah85@example.org,001-805-603-3345,2026-04-06,South Stevenborough
184,Desiree Huber,mcconnellrachel@example.com,001-814-264-0386x995,2025-06-19,Weissview
185,Ashley Schroeder,harrisrichard@example.org,801.291.1878,2026-04-09,East Mark
186,Luis Collins,michael76@example.org,815-632-4744x47630,2025-10-01,Wendyhaven
187,Marcus Owen,ostone@example.net,514-804-0155,2025-08-08,Haroldtown
188,Mike Jones,wongkevin@example.com,5084789361,2025-04-22,Amandaland
189,Anna Davis,wolson@example.net,903-351-0087,2025-08-25,Perezbury
190,Steven Allen,samantha85@example.com,617-482-7280,2026-03-06,Matthewmouth
191,Patricia Suarez,taylorjames@example.com,712.464.0024,2025-05-17,Ramirezshire
192,Nicholas Singleton,ibarracody@example.org,001-731-630-8988,2025-10-28,East Alvinstad
193,Alan Daniels,anthonyvaughn@example.com,8298815541,2026-02-04,West Jameshaven
194,Stephanie Wilkins,higginschristopher@example.com,(287)294-1551x645,2025-08-13,Anneburgh
195,Joseph Parker,cholmes@example.com,300.415.7845,2025-08-24,West Joshua
196,Jacqueline Perez,qthomas@example.org,(870)483-9535x15774,2026-02-10,Wernerland
197,James Rivera,michael51@example.net,927-237-3557x3219,2025-06-29,New Reginaborough
198,Carla Wyatt,karen38@example.org,(391)264-6950x19970,2026-03-31,East Christieland
199,Monica Miller,harrisbilly@example.net,+1-212-661-0426x52861,2025-06-06,East Eric
200,Sean Walker,gregoryedwards@example.com,(781)583-4538x3324,2025-05-05,New Cameron
